{"stats":{"minecraft:dropped":{"minecraft:stick":1,"minecraft:chicken":1},"minecraft:killed":{"minecraft:chicken":1},"minecraft:used":{"minecraft:chicken":3},"minecraft:custom":{"minecraft:jump":144,"minecraft:open_chest":2,"minecraft:time_since_rest":14063,"minecraft:damage_dealt":50,"minecraft:crouch_one_cm":255,"minecraft:leave_game":4,"minecraft:play_time":14063,"minecraft:sprint_one_cm":15001,"minecraft:time_since_death":14063,"minecraft:walk_on_water_one_cm":488,"minecraft:walk_one_cm":35864,"minecraft:sneak_time":666,"minecraft:total_world_time":14063,"minecraft:mob_kills":1,"minecraft:drop":2,"minecraft:talked_to_villager":2,"minecraft:fall_one_cm":2986,"minecraft:fly_one_cm":195096},"minecraft:picked_up":{"minecraft:stick":1,"minecraft:chicken":1}},"DataVersion":3700}